id,lat,long,latsta,longsta,magnitudo,kategori_magnitudo, kedalaman,kategori_kedalaman,PGA,kategori_PGA, jarakhipo,kategori_jarakhipo,MMI,efek_gempa
1,2.82,127.4,1.823,127.78,5,Kuat,10,Sangat Dangkal,0.8768,Kecil,118.854,Intermediet,2,Tidak Ada atau Jarang Kerusakan
2,2.82,127.4,1.443,125.179,5,Kuat,10,Sangat Dangkal,3.41213,Kecil,290.241,Intermediet,3,Tidak Ada atau Jarang Kerusakan
3,1.39,99.33,1.39876,99.43094,3.4,Sedang,10,Sangat Dangkal,30.8741,Medium,15.049,Sangat Dangkal,5,Barang-Barang Bergerak dan Tidak Ada Kerusakan
4,-8.88,108.72,-7.784,108.449,5.1,Kuat,10,Sangat Dangkal,0.65543,Kecil,125.718,Intermediet,2,Tidak Ada atau Jarang Kerusakan
5,-8.19,108.3,-7.326,108.223,4.2,Sedang,31,Dangkal,2.43372,Kecil,101.152,Intermediet,2,Tidak Ada atau Jarang Kerusakan
6,1.64,99.19,1.1648,97.7038,3.2,Sedang,10,Sangat Dangkal,0.42394,Kecil,173.484,Intermediet,2,Tidak Ada atau Jarang Kerusakan
7,-2.83,101.53,-2.44736,101.2396,4.9,Sedang,87,Menengah,12.497,Medium,102.039,Intermediet,4,Barang-Barang Bergerak dan Tidak Ada Kerusakan
8,1.38,98.04,1.1648,97.7038,5.4,Kuat,41,Dangkal,29.8482,Medium,60.368,Dangkal,5,Barang-Barang Bergerak dan Tidak Ada Kerusakan
9,1.38,98.04,2.0256,98.9594,5.4,Kuat,41,Dangkal,15.8872,Medium,131.268,Intermediet,4,Barang-Barang Bergerak dan Tidak Ada Kerusakan
10,1.44,98.05,4.26685,96.40398,4.6,Sedang,25,Dangkal,0.09074,Kecil,363.958,Dalam,1,Tidak Ada atau Jarang Kerusakan
11,-6.98,113.58,-7.7349,111.7669,3.3,Sedang,14,Dangkal,0.012004,Kecil,218.451,Intermediet,1,Tidak Ada atau Jarang Kerusakan
12,-9.58,120.16,-9.669,120.2976,5.7,Kuat,77,Menengah,40.91085,Medium,79.119,Dangkal,5,Barang-Barang Bergerak dan Tidak Ada Kerusakan
13,-9.58,120.16,-9.6694,120.2998,5.7,Kuat,77,Menengah,70.76833,Besar,79.172,Dangkal,6,"Kerusakan Kecil, Retak pada Dinding"
14,-3.18,135.65,-3.3656,135.4972,4.8,Sedang,9,Sangat Dangkal,11.29561,Medium,28.162,Sangat Dangkal,4,Barang-Barang Bergerak dan Tidak Ada Kerusakan
15,-1.69,100.31,-0.91176,100.46172,5.5,Kuat,17,Dangkal,83.07635,Besar,89.638,Dangkal,6,"Kerusakan Kecil, Retak pada Dinding"
16,4.44,122.7,0.63,122.85,7.3,Kuat,618,Dalam,5.491446,Kecil,749.035,Sangat Dalam,4,Barang-Barang Bergerak dan Tidak Ada Kerusakan
17,-3.48,128.42,-3.31836,128.39473,3,Sedang,10,Sangat Dangkal,5.440966,Kecil,20.731,Sangat Dangkal,4,Barang-Barang Bergerak dan Tidak Ada Kerusakan
18,5.36,94.66,5.496,95.296,5.4,Kuat,89,Menengah,11.09694,Medium,114.598,Intermediet,4,Barang-Barang Bergerak dan Tidak Ada Kerusakan
19,5.33,96.56,5.4038,95.4645,2.6,Lemah,43,Dangkal,0.022266,Kecil,129.239,Intermediet,1,Tidak Ada atau Jarang Kerusakan
20,-9.34,115.61,-8.7498,115.1769,4.3,Sedang,104,Menengah,1.680226,Kecil,131.981,Intermediet,2,Tidak Ada atau Jarang Kerusakan
21,3.33,98.46,3.5395,98.674,5.6,Kuat,10,Sangat Dangkal,73.22529,Besar,34.713,Sangat Dangkal,6,"Kerusakan Kecil, Retak pada Dinding"
22,3.25,98.4,3.5395,98.674,2.8,Lemah,10,Sangat Dangkal,0.273964,Kecil,45.361,Sangat Dangkal,1,Tidak Ada atau Jarang Kerusakan
23,-7.14,105.31,-6.6135,105.6928,5.2,Kuat,10,Sangat Dangkal,16.55667,Medium,72.944,Dangkal,4,Barang-Barang Bergerak dan Tidak Ada Kerusakan
24,-8.27,119.79,-8.4866,119.8867,4.9,Sedang,160,Menengah,5.68823,Kecil,162.152,Intermediet,3,Tidak Ada atau Jarang Kerusakan
25,2.82,128.12,1.5013,124.9178,5.6,Kuat,10,Sangat Dangkal,7.81973,Kecil,384.534,Dalam,4,Barang-Barang Bergerak dan Tidak Ada Kerusakan
26,-8.5,105.87,-7.309,107.13,5.1,Kuat,10,Sangat Dangkal,0.202463,Kecil,192.712,Intermediet,1,Tidak Ada atau Jarang Kerusakan
27,-1.44,99.77,-0.91176,100.46172,4.2,Sedang,12,Dangkal,1.61859,Kecil,97.352,Dangkal,2,Tidak Ada atau Jarang Kerusakan
28,-5.77,133.68,-4.5299,136.8929,5.3,Kuat,76,Menengah,0.647079,Kecil,389.757,Dalam,2,Tidak Ada atau Jarang Kerusakan
29,-7.97,107.01,-7.309,107.13,4.9,Sedang,14,Dangkal,3.406165,Kecil,75.873,Dangkal,3,Tidak Ada atau Jarang Kerusakan
30,-9.45,116.39,-8.635,116.1705,4.1,Sedang,36,Dangkal,2.121391,Kecil,100.367,Intermediet,2,Tidak Ada atau Jarang Kerusakan
31,3.26,98.43,3.50118,98.56457,3.9,Sedang,10,Sangat Dangkal,2.247411,Kecil,32.246,Sangat Dangkal,2,Tidak Ada atau Jarang Kerusakan
32,-7.11,125.44,-8.27,123,5.4,Kuat,509,Dalam,0.253893,Kecil,590.774,Dalam,1,Tidak Ada atau Jarang Kerusakan
33,-0.65,131.47,-0.4102,130.8211,4.7,Sedang,10,Sangat Dangkal,0.917585,Kecil,77.437,Dangkal,2,Tidak Ada atau Jarang Kerusakan
34,-5.87,102.39,-5.3526,102.2767,5.3,Kuat,23,Dangkal,7.929863,Kecil,63.131,Dangkal,3,Tidak Ada atau Jarang Kerusakan
35,-0.79,131.19,-0.4102,130.8211,3.5,Sedang,13,Dangkal,0.133454,Kecil,60.191,Dangkal,1,Tidak Ada atau Jarang Kerusakan
36,-0.79,131.19,-0.4102,130.8211,3.3,Sedang,12,Dangkal,0.070837,Kecil,71.567,Dangkal,1,Tidak Ada atau Jarang Kerusakan
37,-8.52,113.11,-8.2732,113.444,4.9,Sedang,126,Menengah,2.158102,Kecil,134.168,Intermediet,2,Tidak Ada atau Jarang Kerusakan
38,-7.64,106.9,-7.309,107.13,5.2,Kuat,25,Dangkal,17.69199,Medium,51.251,Dangkal,4,Barang-Barang Bergerak dan Tidak Ada Kerusakan
39,-4.64,139.24,-2.57,140.51,4.7,Sedang,132,Menengah,0.080265,Kecil,300.151,Dalam,1,Tidak Ada atau Jarang Kerusakan
40,-2.39,140.78,-2.51,140.7,5.2,Kuat,10,Sangat Dangkal,9.001041,Kecil,18.875,Sangat Dangkal,4,Barang-Barang Bergerak dan Tidak Ada Kerusakan
41,3.34,98.5,3.50118,98.56457,4.5,Sedang,10,Sangat Dangkal,7.406908,Kecil,21.713,Sangat Dangkal,4,Barang-Barang Bergerak dan Tidak Ada Kerusakan
42,-2.5,99.51,-2.766,100.01,4.1,Sedang,135,Menengah,0.285233,Kecil,66.28,Dangkal,1,Tidak Ada atau Jarang Kerusakan
43,-9.73,115.62,-8.7498,115.1769,5.2,Kuat,10,Sangat Dangkal,23.89518,Medium,119.821,Intermediet,4,Barang-Barang Bergerak dan Tidak Ada Kerusakan
44,-1.89,139.29,-2.57,140.51,5.6,Kuat,14,Dangkal,1.876128,Kecil,155.666,Intermediet,2,Tidak Ada atau Jarang Kerusakan
45,-8.44,117.68,-8.4879,117.4135,5.2,Kuat,207,Menengah,2.099006,Kecil,209.171,Intermediet,2,Tidak Ada atau Jarang Kerusakan
46,3.34,98.5,3.50118,98.56457,2.8,Lemah,17,Dangkal,0.093088,Kecil,21.713,Sangat Dangkal,1,Tidak Ada atau Jarang Kerusakan
47,-7.64,106.9,-7.309,107.13,5.1,Kuat,19,Dangkal,17.58478,Medium,51.251,Dangkal,4,Barang-Barang Bergerak dan Tidak Ada Kerusakan
48,-4.38,138.27,-2.57,140.68,3.8,Sedang,106,Menengah,0.073775,Kecil,350.945,Dalam,1,Tidak Ada atau Jarang Kerusakan
49,-9.12,116.62,-8.7382,116.8821,4.5,Sedang,10,Sangat Dangkal,10.16603,Medium,52.368,Dangkal,3,Tidak Ada atau Jarang Kerusakan
50,-7.2,113.09,-7.2834,112.7943,3.7,Sedang,10,Sangat Dangkal,0.326917,Kecil,35.539,Sangat Dangkal,1,Tidak Ada atau Jarang Kerusakan
51,-4.67,121.94,-4.1718,121.6513,3.3,Sedang,10,Sangat Dangkal,0.498221,Kecil,64.692,Dangkal,2,Tidak Ada atau Jarang Kerusakan
52,-5.14,96.22,4.61711,96.8189,4.5,Sedang,10,Sangat Dangkal,1.770285,Kecil,88.815,Dangkal,2,Tidak Ada atau Jarang Kerusakan
53,1.31,122.45,0.9885,122.3654,4.9,Sedang,7,Sangat Dangkal,4.240019,Kecil,37.559,Sangat Dangkal,4,Barang-Barang Bergerak dan Tidak Ada Kerusakan
54,1.44,126.62,0.7719,127.3667,4.6,Sedang,15,Dangkal,0.656323,Kecil,112.224,Intermediet,2,Tidak Ada atau Jarang Kerusakan
55,-6.46,130.12,-4.52223,129.90441,5.4,Kuat,155,Menengah,0.630677,Kecil,266.2,Intermediet,2,Tidak Ada atau Jarang Kerusakan
56,-0.74,131.15,-0.4102,130.8211,3.9,Sedang,12,Dangkal,0.143349,Kecil,53.075,Dangkal,1,Tidak Ada atau Jarang Kerusakan
57,1.44,126.62,0.7719,127.3667,4,Sedang,23,Dangkal,0.685493,Kecil,112.224,Intermediet,2,Tidak Ada atau Jarang Kerusakan
58,-2.83,101.53,-2.44736,101.2396,4.1,Sedang,41,Dangkal,11.50312,Medium,102.039,Intermediet,4,Barang-Barang Bergerak dan Tidak Ada Kerusakan
59,-0.81,121.42,-1.0411,122.771,3.9,Sedang,10,Sangat Dangkal,0.286818,Kecil,152.467,Intermediet,1,Tidak Ada atau Jarang Kerusakan
60,5.75,93.99,5.496,95.296,4.5,Sedang,10,Sangat Dangkal,2.174168,Kecil,148.02,Intermediet,2,Tidak Ada atau Jarang Kerusakan
61,-0.81,121.42,-1.0411,122.771,4.7,Sedang,12,Dangkal,2.043656,Kecil,152.467,Intermediet,2,Tidak Ada atau Jarang Kerusakan
62,-1.89,139.29,-2.57,140.51,4.8,Sedang,12,Dangkal,0.381482,Kecil,155.666,Intermediet,1,Tidak Ada atau Jarang Kerusakan
63,-0.96,119.88,-0.9053,119.8368,2.9,Lemah,6,Sangat Dangkal,2.4397,Kecil,9.791,Sangat Dangkal,2,Tidak Ada atau Jarang Kerusakan
64,-7.25,106.05,-6.3615,106.2511,3.8,Sedang,30,Dangkal,0.424904,Kecil,105.475,Intermediet,1,Tidak Ada atau Jarang Kerusakan
65,-11.61,114.55,-8.738,115.179,5.4,Kuat,10,Sangat Dangkal,1.791136,Kecil,326.501,Dalam,2,Tidak Ada atau Jarang Kerusakan
66,3.34,98.5,3.50118,98.56457,4.8,Sedang,5,Sangat Dangkal,0.360963,Kecil,21.713,Sangat Dangkal,1,Tidak Ada atau Jarang Kerusakan
67,5.22,96.16,5.4038,95.4645,3.8,Sedang,10,Sangat Dangkal,1.791136,Kecil,80.475,Dangkal,2,Tidak Ada atau Jarang Kerusakan
68,-3.48,128.42,-3.31836,128.39473,5,Kuat,144,Menengah,0.01872,Kecil,20.731,Sangat Dangkal,1,Tidak Ada atau Jarang Kerusakan
69,-6.23,104.32,-5.52361,104.49596,5.3,Kuat,11,Dangkal,2.404168,Kecil,81.551,Dangkal,2,Tidak Ada atau Jarang Kerusakan
70,-9.73,115.62,-8.7498,115.1769,6.4,Kuat,117,Menengah,62.17794,Besar,119.821,Intermediet,5,Barang-Barang Bergerak dan Tidak Ada Kerusakan
71,-6.46,130.12,-4.52223,129.90441,5.2,Kuat,171,Menengah,0.196121,Kecil,266.2,Intermediet,1,Tidak Ada atau Jarang Kerusakan
72,-2.94,136.92,-1.87552,136.23996,5.5,Kuat,90,Menengah,4.539547,Kecil,166.61,Intermediet,3,Tidak Ada atau Jarang Kerusakan
73,-5.05,133.36,-2.919,132.265,4.5,Sedang,36,Dangkal,0.030944,Kecil,268.367,Intermediet,1,Tidak Ada atau Jarang Kerusakan
74,-8.05,107.91,-7.784,108.449,4.4,Sedang,20,Dangkal,2.005149,Kecil,69.651,Dangkal,2,Tidak Ada atau Jarang Kerusakan
75,0.54,98.38,-0.0547,98.28,5,Kuat,50,Dangkal,1.224955,Kecil,83.551,Dangkal,2,Tidak Ada atau Jarang Kerusakan
76,2.76,126.1,3.686,125.5286,5.4,Kuat,115,Menengah,11.92994,Medium,166.772,Intermediet,3,Tidak Ada atau Jarang Kerusakan
77,-4.34,102.41,-3.865,102.312,4.9,Sedang,34,Dangkal,11.02789,Medium,63.673,Dangkal,3,Tidak Ada atau Jarang Kerusakan
78,0.31,120.59,0.3374,119.898,5.6,Kuat,71,Menengah,22.06087,Medium,104.644,Intermediet,3,Tidak Ada atau Jarang Kerusakan
79,-4.07,134.13,-3.3656,135.4972,4.7,Sedang,125,Menengah,0.08323,Kecil,211.588,Intermediet,1,Tidak Ada atau Jarang Kerusakan
80,-2.83,101.53,-2.44736,101.2396,5.4,Kuat,59,Dangkal,14.5337,Medium,97.515,Dangkal,3,Tidak Ada atau Jarang Kerusakan
81,2.82,127.4,1.823,127.78,3.9,Sedang,8,Sangat Dangkal,9.28441,Kecil,19.963,Sangat Dangkal,2,Tidak Ada atau Jarang Kerusakan
82,-3.49,102.51,-3.7611,102.2714,3.2,Sedang,10,Sangat Dangkal,0.38513,Kecil,41.315,Sangat Dangkal,1,Tidak Ada atau Jarang Kerusakan
83,-1.89,139.29,-2.57,140.51,3.7,Sedang,14,Dangkal,14.5021,Medium,48.448,Sangat Dangkal,3,Tidak Ada atau Jarang Kerusakan
84,-9.73,115.62,-8.7498,115.1769,4.4,Sedang,76,Menengah,4.5616,Kecil,100.951,Intermediet,3,Tidak Ada atau Jarang Kerusakan
85,-9.73,115.62,-8.7498,115.1769,4.7,Sedang,72,Menengah,4.8687,Kecil,107.706,Intermediet,3,Tidak Ada atau Jarang Kerusakan
86,-8.1,112.59,-8.1521,112.4506,3.7,Sedang,5,Sangat Dangkal,15.8727,Medium,17.259,Sangat Dangkal,4,Barang-Barang Bergerak dan Tidak Ada Kerusakan
87,-3.65,128.17,-3.68711,128.19429,3.2,Sedang,7,Sangat Dangkal,7.06286,Kecil,8.558,Sangat Dangkal,3,Tidak Ada atau Jarang Kerusakan
88,5.66,127.23,4.0079,126.67,5.8,Kuat,71,Menengah,0.57782,Kecil,206.238,Intermediet,1,Tidak Ada atau Jarang Kerusakan
89,5.66,127.23,4.0079,126.67,5.3,Kuat,66,Menengah,0.2632,Kecil,226.325,Intermediet,1,Tidak Ada atau Jarang Kerusakan
90,-1.44,99.77,-0.91176,100.46172,3.7,Sedang,34,Dangkal,4.34419,Kecil,81.723,Dangkal,3,Tidak Ada atau Jarang Kerusakan
91,-0.81,131.04,-0.8628,131.25919,4.1,Sedang,2,Sangat Dangkal,2.44051,Kecil,25.106,Sangat Dangkal,2,Tidak Ada atau Jarang Kerusakan
92,5.66,127.23,4.0079,126.67,5.2,Kuat,11,Dangkal,0.08613,Kecil,195.695,Intermediet,1,Tidak Ada atau Jarang Kerusakan
93,-6.46,130.12,-4.52223,129.90441,5.2,Kuat,138,Menengah,0.5052,Kecil,298.385,Intermediet,1,Tidak Ada atau Jarang Kerusakan
94,5.66,127.23,4.0079,126.67,5,Kuat,109,Menengah,0.11844,Kecil,231.573,Intermediet,1,Tidak Ada atau Jarang Kerusakan
95,2.76,126.1,3.686,125.5286,5.4,Kuat,182,Menengah,1.85111,Kecil,335.577,Dalam,2,Tidak Ada atau Jarang Kerusakan
96,2.76,126.1,3.686,125.5286,5,Kuat,86,Menengah,1.86195,Kecil,293.192,Intermediet,2,Tidak Ada atau Jarang Kerusakan
97,5.53,127.2,1.443,125.179,5.2,Kuat,97,Menengah,2.03407,Kecil,515.304,Dalam,2,Tidak Ada atau Jarang Kerusakan
98,-8.82,118.93,-8.5427,118.692996,4.7,Sedang,100,Menengah,6.21648,Kecil,107.887,Intermediet,3,Tidak Ada atau Jarang Kerusakan
99,1.56,128.27,-0.6379,127.5008,4.5,Sedang,59,Dangkal,0.012559,Kecil,265.124,Intermediet,1,Tidak Ada atau Jarang Kerusakan
100,-1.47,134.16,-1.5107,134.1773,3.6,Sedang,16,Dangkal,10.3749,Medium,16.736,Sangat Dangkal,3,Tidak Ada atau Jarang Kerusakan
101,-1.09,119.84,-0.9159,119.9052,4.7,Sedang,19,Dangkal,240.799,Sangat Besar,28.051,Sangat Dangkal,3,Tidak Ada atau Jarang Kerusakan
102,-2.12,99.55,-0.9967,100.3709,5.3,Kuat,20,Dangkal,5.91785,Kecil,155.723,Intermediet,3,Tidak Ada atau Jarang Kerusakan
103,-8.82,118.93,-8.5427,118.692996,4.5,Sedang,113,Menengah,3.12908,Kecil,115.705,Intermediet,3,Tidak Ada atau Jarang Kerusakan
104,-1.09,119.84,-0.9159,119.9052,3.2,Sedang,8,Sangat Dangkal,33.1551,Medium,25.082,Sangat Dangkal,3,Tidak Ada atau Jarang Kerusakan
105,-8.1,107.86,-7.215,107.902,5.4,Kuat,13,Dangkal,40.0489,Medium,99.201,Dangkal,4,Barang-Barang Bergerak dan Tidak Ada Kerusakan
106,5.53,127.2,1.443,125.179,5.3,Kuat,17,Dangkal,5.47351,Kecil,172.479,Intermediet,3,Tidak Ada atau Jarang Kerusakan
107,2.82,127.4,1.823,127.78,5,Kuat,58,Dangkal,0.54424,Kecil,80.603,Dangkal,1,Tidak Ada atau Jarang Kerusakan
108,-8.83,112.49,-8.1521,112.4506,4.7,Sedang,29,Dangkal,3.5753,Kecil,80.76,Dangkal,3,Tidak Ada atau Jarang Kerusakan
109,2.76,126.1,3.686,125.5286,7.1,Kuat,10,Sangat Dangkal,50.1241,Besar,204.651,Intermediet,4,Barang-Barang Bergerak dan Tidak Ada Kerusakan
110,5.45,125.14,1.5013,124.9178,7.3,Kuat,43,Dangkal,27.2434,Medium,440.504,Dalam,3,Tidak Ada atau Jarang Kerusakan
111,0.77,99.56,0.7955,99.57963,5.1,Kuat,10,Sangat Dangkal,52.314,Besar,10.619,Sangat Dangkal,4,Barang-Barang Bergerak dan Tidak Ada Kerusakan
112,-9.73,114.93,-8.6774,115.2097,4.7,Sedang,29,Dangkal,3.86102,Kecil,124.323,Intermediet,3,Tidak Ada atau Jarang Kerusakan
113,0.78,98.47,1.1648,97.7038,47,Sangat Kuat,47,Dangkal,2.37624,Kecil,106.144,Intermediet,2,Tidak Ada atau Jarang Kerusakan
114,-2.12,99.55,-0.9967,100.3709,3.8,Sedang,33,Dangkal,1.398535,Kecil,68.8,Dangkal,2,Tidak Ada atau Jarang Kerusakan
115,-8.05,107.91,-7.784,108.449,5.4,Kuat,12,Dangkal,0.158655,Kecil,263.421,Intermediet,1,Tidak Ada atau Jarang Kerusakan
116,-6.99,130.48,-3.23897,127.09982,5,Kuat,77,Menengah,0.030913,Kecil,565.741,Dalam,1,Tidak Ada atau Jarang Kerusakan
117,0.77,99.56,0.7955,99.57963,4.6,Sedang,10,Sangat Dangkal,30.7973,Medium,13.958,Sangat Dangkal,4,Barang-Barang Bergerak dan Tidak Ada Kerusakan
118,1.56,128.27,-0.6379,127.5008,2.5,Lemah,10,Sangat Dangkal,3.687663,Kecil,10.074,Sangat Dangkal,3,Tidak Ada atau Jarang Kerusakan
119,3.92,95.86,4.26685,96.40398,4.9,Sedang,23,Dangkal,11.0808,Medium,75.215,Dangkal,3,Tidak Ada atau Jarang Kerusakan
120,-3.46,128.92,-3.34612,128.92847,4.1,Sedang,10,Sangat Dangkal,50.24005,Besar,16.145,Sangat Dangkal,5,Barang-Barang Bergerak dan Tidak Ada Kerusakan
121,0.21,119.92,0.3374,119.898,3.9,Sedang,5,Sangat Dangkal,0.816935,Kecil,15.197,Sangat Dangkal,1,Tidak Ada atau Jarang Kerusakan
122,-7.84,107.07,-6.6981,106.9349,5,Kuat,29,Dangkal,3.54728,Kecil,130.888,Intermediet,3,Tidak Ada atau Jarang Kerusakan
123,-1.09,119.84,-0.9159,119.9052,3.7,Sedang,16,Dangkal,40.55284,Medium,32.138,Sangat Dangkal,5,Barang-Barang Bergerak dan Tidak Ada Kerusakan
124,-6.46,130.12,-4.52223,129.90441,4.6,Sedang,161,Menengah,0.321698,Kecil,166.194,Intermediet,1,Tidak Ada atau Jarang Kerusakan
125,-6.78,107.45,-6.82,107.61,2.8,Lemah,31,Dangkal,0.548223,Kecil,36.002,Sangat Dangkal,1,Tidak Ada atau Jarang Kerusakan
126,1.56,128.27,-0.6379,127.5008,2.7,Lemah,2,Sangat Dangkal,5.455069,Kecil,10.295,Sangat Dangkal,3,Tidak Ada atau Jarang Kerusakan
127,-8.09,115.3,-8.0848,115.2126,2.4,Lemah,12,Dangkal,0.276471,Kecil,15.442,Sangat Dangkal,1,Tidak Ada atau Jarang Kerusakan
128,-8.09,115.3,-8.0848,115.2126,2.5,Lemah,17,Dangkal,0.123204,Kecil,24.185,Sangat Dangkal,1,Tidak Ada atau Jarang Kerusakan
129,-3.45,120.77,-3.9646,119.7691,4.1,Sedang,20,Dangkal,0.255922,Kecil,126.515,Intermediet,1,Tidak Ada atau Jarang Kerusakan
130,1.61,124.61,1.4434,124.8389,3.4,Sedang,32,Dangkal,14.86004,Medium,44.85,Sangat Dangkal,3,Tidak Ada atau Jarang Kerusakan
131,-8.61,123.45,-8.7497,121.6903,2.8,Lemah,10,Sangat Dangkal,0.012932,Kecil,196.196,Intermediet,1,Tidak Ada atau Jarang Kerusakan
132,-1.09,119.84,-0.9159,119.9052,5.7,Kuat,10,Sangat Dangkal,16.96545,Medium,325.749,Dalam,3,Tidak Ada atau Jarang Kerusakan
133,0.4,98.88,-0.0547,98.28,5.2,Kuat,58,Dangkal,0.963362,Kecil,84.16,Dangkal,1,Tidak Ada atau Jarang Kerusakan
134,-9.63,119.55,-9.6411,119.3911,4.4,Sedang,25,Dangkal,3.044262,Kecil,30.62,Sangat Dangkal,3,Tidak Ada atau Jarang Kerusakan
135,0.48,121.16,0.4771,121.9406,4.9,Sedang,34,Dangkal,3.15153,Kecil,93.079,Dangkal,3,Tidak Ada atau Jarang Kerusakan
136,-1.33,120.41,0.3374,119.898,6.6,Kuat,10,Sangat Dangkal,5.481949,Kecil,193.869,Intermediet,3,Tidak Ada atau Jarang Kerusakan
137,-1.1,120.09,0.3374,119.898,4.4,Sedang,9,Sangat Dangkal,0.140186,Kecil,161.22,Intermediet,1,Tidak Ada atau Jarang Kerusakan
138,-1.07,120.61,-1.42,120.65,4.9,Sedang,14,Dangkal,5.07211,Kecil,41.534,Sangat Dangkal,3,Tidak Ada atau Jarang Kerusakan
139,2.56,128.44,1.823,127.78,5,Kuat,219,Menengah,0.33082,Kecil,244.991,Intermediet,1,Tidak Ada atau Jarang Kerusakan
140,-8.09,115.3,-8.0848,115.2126,2.8,Lemah,2,Sangat Dangkal,0.20463,Kecil,8.837,Sangat Dangkal,1,Tidak Ada atau Jarang Kerusakan
141,-8.23,121.66,-8.41222,123.00085,4.9,Sedang,17,Dangkal,0.70276,Kecil,151.161,Intermediet,1,Tidak Ada atau Jarang Kerusakan
142,-7.64,129.36,-4.52223,129.90441,5,Kuat,116,Menengah,0.2236,Kecil,369.965,Dalam,1,Tidak Ada atau Jarang Kerusakan
143,-1.22,120.38,-1.42,120.65,5.2,Kuat,10,Sangat Dangkal,21.0213,Medium,38.614,Sangat Dangkal,3,Tidak Ada atau Jarang Kerusakan
144,-8.12,107.94,-7.784,108.449,4.5,Sedang,33,Dangkal,3.56236,Kecil,75.314,Dangkal,3,Tidak Ada atau Jarang Kerusakan
145,-0.86,120.11,-0.9159,119.9052,3.1,Sedang,10,Sangat Dangkal,162.486,Sangat Besar,25.598,Sangat Dangkal,6,"Kerusakan Kecil, Retak pada Dinding"
146,-1.22,120.4,-1.42,120.65,4.3,Sedang,10,Sangat Dangkal,14.2158,Medium,36.918,Sangat Dangkal,3,Tidak Ada atau Jarang Kerusakan
147,-8.11,115.39,-8.0848,115.2126,2.7,Lemah,7,Sangat Dangkal,0.01998,Kecil,21.085,Sangat Dangkal,1,Tidak Ada atau Jarang Kerusakan
148,-8.03,119.11,-8.5427,118.692996,4,Sedang,27,Dangkal,6.29733,Kecil,78.168,Dangkal,3,Tidak Ada atau Jarang Kerusakan
149,-8.35,118.04,-8.50188,118.31213,4.2,Sedang,24,Dangkal,3.09922,Kecil,42.103,Sangat Dangkal,3,Tidak Ada atau Jarang Kerusakan
150,-1.13,120.49,-1.42,120.65,3.9,Sedang,35,Dangkal,0.50711,Kecil,50.76,Dangkal,2,Tidak Ada atau Jarang Kerusakan
151,-8.83,119.17,-8.5427,118.692996,4.6,Sedang,135,Menengah,3.55275,Kecil,148.477,Intermediet,3,Tidak Ada atau Jarang Kerusakan
152,-4.61,102.26,-5.3526,102.2767,4.8,Sedang,42,Dangkal,5.85285,Kecil,92.531,Dangkal,3,Tidak Ada atau Jarang Kerusakan
153,-2.62,121.69,-4.1718,121.6513,5,Kuat,102,Menengah,0.34037,Kecil,200.231,Intermediet,1,Tidak Ada atau Jarang Kerusakan
154,-3.17,101.2,-3.14152,102.23961,4.2,Sedang,17,Dangkal,0.17617,Kecil,116.685,Intermediet,1,Tidak Ada atau Jarang Kerusakan
155,1.6,97.74,1.1648,97.7038,3.9,Sedang,34,Dangkal,0.58674,Kecil,59.209,Dangkal,1,Tidak Ada atau Jarang Kerusakan
156,2.1,128.54,1.823,127.78,4.9,Sedang,5,Sangat Dangkal,1.37415,Kecil,89.928,Dangkal,2,Tidak Ada atau Jarang Kerusakan
157,-4.23,102.01,-3.865,102.312,5.2,Kuat,63,Dangkal,37.0899,Medium,82.062,Dangkal,5,Barang-Barang Bergerak dan Tidak Ada Kerusakan
158,-2.1,140.36,-2.57,140.51,4.5,Sedang,15,Dangkal,5.27821,Kecil,56.78,Dangkal,3,Tidak Ada atau Jarang Kerusakan
159,0.94,123.19,0.63,122.85,4.7,Sedang,29,Dangkal,19.2889,Medium,58.731,Dangkal,3,Tidak Ada atau Jarang Kerusakan
160,1.52,126.82,1.823,127.78,5.1,Kuat,56,Dangkal,2.25759,Kecil,124.989,Intermediet,2,Tidak Ada atau Jarang Kerusakan
161,2.28,127.2,1.823,127.78,5.1,Kuat,61,Dangkal,1.738615,Kecil,102.171,Intermediet,2,Tidak Ada atau Jarang Kerusakan
162,-1.26,120.4,-1.42,120.65,3.6,Sedang,16,Dangkal,1.757554,Kecil,36.626,Sangat Dangkal,2,Tidak Ada atau Jarang Kerusakan
163,-8.71,118.36,-8.5427,118.692996,4.5,Sedang,119,Menengah,2.577097,Kecil,125.984,Intermediet,2,Tidak Ada atau Jarang Kerusakan
164,-5.29,123.04,-5.4875,122.5704,4.2,Sedang,22,Dangkal,0.546688,Kecil,60.677,Dangkal,1,Tidak Ada atau Jarang Kerusakan
165,-3.86,129.88,-4.52223,129.90441,4,Sedang,11,Dangkal,3.563262,Kecil,74.375,Dangkal,3,Tidak Ada atau Jarang Kerusakan
166,-0.64,119.89,-1.42,120.65,3.3,Sedang,6,Sangat Dangkal,0.115136,Kecil,121.032,Intermediet,1,Tidak Ada atau Jarang Kerusakan
167,2.68,98.88,1.1648,97.7038,5.2,Kuat,153,Menengah,1.195716,Kecil,262.186,Intermediet,2,Tidak Ada atau Jarang Kerusakan
168,-1.03,131.11,-0.4102,130.8211,4,Sedang,14,Dangkal,0.076859,Kecil,77.185,Dangkal,1,Tidak Ada atau Jarang Kerusakan
169,-9.19,113.03,-8.2732,113.444,4.3,Sedang,8,Sangat Dangkal,0.66676,Kecil,111.946,Intermediet,1,Tidak Ada atau Jarang Kerusakan
170,-8.15,107.22,-7.784,108.449,4.9,Sedang,18,Dangkal,0.953326,Kecil,143.473,Intermediet,1,Tidak Ada atau Jarang Kerusakan
171,-8.74,110.55,-7.561,110.8541,4.2,Sedang,30,Dangkal,0.146772,Kecil,138.442,Intermediet,1,Tidak Ada atau Jarang Kerusakan
172,0.41,122.05,-1.42,120.65,6,Kuat,100,Menengah,2.810191,Kecil,274.611,Intermediet,2,Tidak Ada atau Jarang Kerusakan
173,-7.36,110.06,-7.668,109.668,3,Sedang,21,Dangkal,0.022662,Kecil,59.187,Dangkal,1,Tidak Ada atau Jarang Kerusakan
174,0.74,123.27,1.537,124.9221,4.8,Sedang,34,Dangkal,0.308879,Kecil,206.426,Intermediet,1,Tidak Ada atau Jarang Kerusakan
175,-2.53,140.68,-2.51,140.7,3.4,Sedang,20,Dangkal,9.666902,Kecil,20.245,Sangat Dangkal,3,Tidak Ada atau Jarang Kerusakan
176,-5.76,103.85,-5.52361,104.49596,4.5,Sedang,15,Dangkal,1.409987,Kecil,77.811,Dangkal,2,Tidak Ada atau Jarang Kerusakan
177,0.31,120.11,0.3374,119.898,5.4,Kuat,37,Dangkal,44.4266,Medium,43.955,Sangat Dangkal,4,Barang-Barang Bergerak dan Tidak Ada Kerusakan
178,-6.82,112.48,-7.664,112.6891,4.2,Sedang,5,Sangat Dangkal,0.194519,Kecil,96.646,Dangkal,1,Tidak Ada atau Jarang Kerusakan
179,-3.47,125.96,-3.71133,128.09566,5.8,Kuat,32,Dangkal,28.60419,Medium,240.704,Intermediet,4,Barang-Barang Bergerak dan Tidak Ada Kerusakan
180,-3.9,129.03,-3.71133,128.09566,4.7,Sedang,10,Sangat Dangkal,16.81201,Medium,106.277,Intermediet,3,Tidak Ada atau Jarang Kerusakan
181,-4.5,101.86,-3.865,102.312,5.4,Kuat,12,Dangkal,18.00405,Medium,87.346,Dangkal,3,Tidak Ada atau Jarang Kerusakan
182,-0.66,131.15,-0.8628,131.25919,4.4,Sedang,29,Dangkal,2.462218,Kecil,38.66,Sangat Dangkal,2,Tidak Ada atau Jarang Kerusakan
183,-2.74,102.23,-3.14152,102.23961,5.3,Kuat,176,Menengah,0.880743,Kecil,181.559,Intermediet,2,Tidak Ada atau Jarang Kerusakan
184,4.58,95.44,5.4038,95.4645,4.5,Sedang,51,Dangkal,4.45846,Kecil,104.738,Intermediet,3,Tidak Ada atau Jarang Kerusakan
185,1.4,99.46,0.7955,99.57963,3.3,Sedang,23,Dangkal,0.17436,Kecil,72.164,Dangkal,1,Tidak Ada atau Jarang Kerusakan
186,-3.64,102.57,-3.6506,102.593,3,Sedang,1,Sangat Dangkal,10.0592,Medium,2.984,Sangat Dangkal,3,Tidak Ada atau Jarang Kerusakan
187,-8.41,108.99,-7.7185,109.0147,5.3,Kuat,22,Dangkal,20.2018,Medium,79.894,Dangkal,3,Tidak Ada atau Jarang Kerusakan
188,6.13,125.46,3.686,125.5286,5.9,Kuat,70,Menengah,3.16933,Kecil,280.273,Intermediet,3,Tidak Ada atau Jarang Kerusakan
189,-8.18,118.16,-8.50188,118.31213,3.8,Sedang,15,Dangkal,5.36862,Kecil,42.269,Sangat Dangkal,3,Tidak Ada atau Jarang Kerusakan
190,-3.64,102.57,-3.6506,102.593,2.8,Lemah,1,Sangat Dangkal,7.438,Kecil,2.984,Sangat Dangkal,3,Tidak Ada atau Jarang Kerusakan
191,-1.18,120.34,-1.42,120.65,3.8,Sedang,21,Dangkal,5.36734,Kecil,48.319,Sangat Dangkal,3,Tidak Ada atau Jarang Kerusakan
192,-0.64,133.86,-1.5107,134.1773,3.5,Sedang,15,Dangkal,0.56068,Kecil,103.953,Intermediet,1,Tidak Ada atau Jarang Kerusakan
193,-8.16,103.88,-5.0175,104.0589,5.2,Kuat,55,Dangkal,1.51845,Kecil,353.685,Dalam,2,Tidak Ada atau Jarang Kerusakan
194,-4.16,123.17,-5.4875,122.5704,4,Sedang,32,Dangkal,0.07082,Kecil,164.822,Intermediet,1,Tidak Ada atau Jarang Kerusakan
195,-9.42,116.7,-8.7382,116.8821,4.6,Sedang,33,Dangkal,6.12948,Kecil,85,Dangkal,3,Tidak Ada atau Jarang Kerusakan
196,-3.75,101.56,-3.7611,102.2714,6.6,Kuat,10,Sangat Dangkal,69.1673,Besar,79.606,Dangkal,5,Barang-Barang Bergerak dan Tidak Ada Kerusakan
197,-7.85,116.03,-8.562,116.167,5.1,Kuat,317,Menengah,1.71688,Kecil,327.057,Dalam,2,Tidak Ada atau Jarang Kerusakan
198,-3.75,140.47,-2.57,140.51,5.5,Kuat,58,Dangkal,2.53912,Kecil,143.316,Intermediet,2,Tidak Ada atau Jarang Kerusakan
199,-7.33,129.28,-5.6639,132.7361,5,Kuat,156,Menengah,0.267553,Kecil,453.55,Dalam,1,Tidak Ada atau Jarang Kerusakan
200,-5.34,123.52,-5.4875,122.5704,4,Sedang,30,Dangkal,0.14226,Kecil,110.808,Intermediet,1,Tidak Ada atau Jarang Kerusakan
201,-5.64,122.66,-5.4875,122.5704,3.4,Sedang,5,Sangat Dangkal,0.74729,Kecil,20.26,Sangat Dangkal,1,Tidak Ada atau Jarang Kerusakan
202,-1.28,120.43,-1.42,120.65,4.7,Sedang,10,Sangat Dangkal,22.9382,Medium,30.624,Sangat Dangkal,3,Tidak Ada atau Jarang Kerusakan
203,-2.16,120.55,-2.5546,120.324,4.3,Sedang,14,Dangkal,22.514,Medium,52.381,Dangkal,3,Tidak Ada atau Jarang Kerusakan
204,1.28,122.65,0.9885,122.3654,4.7,Sedang,15,Dangkal,1.91357,Kecil,47.644,Sangat Dangkal,2,Tidak Ada atau Jarang Kerusakan
205,-2.23,118.76,-0.9159,119.9052,4.8,Sedang,20,Dangkal,0.49544,Kecil,193.482,Intermediet,1,Tidak Ada atau Jarang Kerusakan
206,-7.02,108.26,-6.7344,108.2631,3,Sedang,11,Dangkal,0.03275,Kecil,33.558,Sangat Dangkal,1,Tidak Ada atau Jarang Kerusakan
207,-1.3,99.66,-0.91176,100.46172,6.2,Kuat,10,Sangat Dangkal,132.8717,Besar,99.381,Dangkal,6,"Kerusakan Kecil, Retak pada Dinding"
208,-0.17,125.2,1.443,125.179,5.4,Kuat,10,Sangat Dangkal,11.51288,Medium,179.337,Intermediet,3,Tidak Ada atau Jarang Kerusakan
209,-6.23,104.71,-5.52361,104.49596,5.4,Kuat,65,Dangkal,4.199423,Kecil,104.582,Intermediet,3,Tidak Ada atau Jarang Kerusakan
210,-7.18,130.09,-5.6639,132.7361,5,Kuat,94,Menengah,0.1076,Kecil,351.321,Dalam,1,Tidak Ada atau Jarang Kerusakan
211,-1.24,99.73,-0.9967,100.3709,4.2,Sedang,20,Dangkal,0.878675,Kecil,78.678,Dangkal,1,Tidak Ada atau Jarang Kerusakan
212,-6.78,130.3,-4.52223,129.90441,4.8,Sedang,100,Menengah,0.164661,Kecil,273.377,Intermediet,1,Tidak Ada atau Jarang Kerusakan
213,-4.52,129.83,-4.52223,129.90441,2.7,Lemah,10,Sangat Dangkal,16.48561,Medium,12.972,Sangat Dangkal,3,Tidak Ada atau Jarang Kerusakan
214,-4.94,133.94,-3.6616,133.7044,5.1,Kuat,70,Menengah,0.425099,Kecil,160.375,Intermediet,1,Tidak Ada atau Jarang Kerusakan
215,-4.29,134.37,-3.6616,133.7044,5.2,Kuat,10,Sangat Dangkal,0.824096,Kecil,102.097,Intermediet,1,Tidak Ada atau Jarang Kerusakan
216,1.43,99.37,1.39876,99.43094,5,Kuat,187,Menengah,0.650558,Kecil,187.154,Intermediet,1,Tidak Ada atau Jarang Kerusakan
217,-8.22,119.29,-8.50188,118.31213,4.6,Sedang,29,Dangkal,0.752548,Kecil,116.626,Intermediet,1,Tidak Ada atau Jarang Kerusakan
218,-9.76,124.78,-10.168,123.67,4.6,Sedang,13,Dangkal,0.137258,Kecil,131.912,Intermediet,1,Tidak Ada atau Jarang Kerusakan
219,-2.62,140.37,-2.57,140.51,3.8,Sedang,36,Dangkal,8.333727,Kecil,39.602,Sangat Dangkal,3,Tidak Ada atau Jarang Kerusakan
220,-2.58,140.67,-2.57,140.68,2.9,Lemah,14,Dangkal,0.979291,Kecil,14.088,Sangat Dangkal,1,Tidak Ada atau Jarang Kerusakan
221,-10.4,118.86,-9.6694,120.2998,5.2,Kuat,65,Dangkal,6.788421,Kecil,190.639,Intermediet,3,Tidak Ada atau Jarang Kerusakan
222,-6.31,112.96,-7.2834,112.7943,5.2,Kuat,610,Dalam,0.395439,Kecil,619.768,Dalam,1,Tidak Ada atau Jarang Kerusakan
223,-1.1,136.41,-1.1907,136.1038,4.2,Sedang,11,Dangkal,4.80832,Kecil,37.115,Sangat Dangkal,3,Tidak Ada atau Jarang Kerusakan
224,-0.97,136.19,-1.1907,136.1038,3.9,Sedang,41,Dangkal,11.96321,Medium,48.71,Sangat Dangkal,3,Tidak Ada atau Jarang Kerusakan
225,-8.48,108.95,-7.7185,109.0147,4.7,Sedang,37,Dangkal,6.995758,Kecil,92.549,Dangkal,3,Tidak Ada atau Jarang Kerusakan
226,-7.96,108.34,-7.326,108.223,4.7,Sedang,96,Menengah,1.447288,Kecil,119.738,Intermediet,2,Tidak Ada atau Jarang Kerusakan
227,-1.19,120.34,-1.42,120.65,3.1,Sedang,16,Dangkal,3.167038,Kecil,45.737,Sangat Dangkal,3,Tidak Ada atau Jarang Kerusakan
228,-3.44,102.05,-3.14152,102.23961,5.5,Kuat,84,Menengah,2.787108,Kecil,92.718,Dangkal,2,Tidak Ada atau Jarang Kerusakan
229,-8.12,107.85,-7.326,108.223,5,Kuat,15,Dangkal,8.721547,Kecil,98.523,Dangkal,3,Tidak Ada atau Jarang Kerusakan
230,-4.84,129.39,-4.52223,129.90441,5,Kuat,217,Menengah,1.21909,Kecil,227.142,Intermediet,2,Tidak Ada atau Jarang Kerusakan
231,-3.48,140.25,-2.57,140.51,4.9,Sedang,71,Menengah,1.701746,Kecil,126.795,Intermediet,2,Tidak Ada atau Jarang Kerusakan
232,-6.4,106.15,-6.3615,106.2511,5,Kuat,162,Menengah,0.979816,Kecil,162.444,Intermediet,1,Tidak Ada atau Jarang Kerusakan
233,0.76,124.36,1.2948,124.92,5,Kuat,197,Menengah,0.69828,Kecil,214.934,Intermediet,1,Tidak Ada atau Jarang Kerusakan
234,-8.33,115.48,-8.36381,115.60953,4.2,Sedang,5,Sangat Dangkal,11.74204,Medium,15.678,Sangat Dangkal,3,Tidak Ada atau Jarang Kerusakan
235,-3.26,139.87,-2.57,140.51,5.5,Kuat,89,Menengah,6.134303,Kecil,141.414,Intermediet,3,Tidak Ada atau Jarang Kerusakan
236,1.05,127.47,1.823,127.78,3.7,Sedang,5,Sangat Dangkal,0.048226,Kecil,92.581,Dangkal,1,Tidak Ada atau Jarang Kerusakan
237,0.98,127.53,1.823,127.78,4.2,Sedang,2,Sangat Dangkal,0.132307,Kecil,97.601,Dangkal,1,Tidak Ada atau Jarang Kerusakan
238,0.98,127.55,0.664562,127.445688,4.4,Sedang,4,Sangat Dangkal,1.959357,Kecil,37.095,Sangat Dangkal,2,Tidak Ada atau Jarang Kerusakan
239,1.07,127.43,-0.6379,127.5008,3.8,Sedang,5,Sangat Dangkal,0.010636,Kecil,189.806,Intermediet,1,Tidak Ada atau Jarang Kerusakan
240,1.02,127.51,0.664562,127.445688,2.6,Lemah,9,Sangat Dangkal,0.045423,Kecil,41.092,Sangat Dangkal,1,Tidak Ada atau Jarang Kerusakan
241,1.1,127.36,-0.6379,127.5008,3.1,Sedang,2,Sangat Dangkal,0.0063,Kecil,193.549,Intermediet,1,Tidak Ada atau Jarang Kerusakan
242,1.8,128.78,1.823,127.78,5.2,Kuat,10,Sangat Dangkal,2.944607,Kecil,111.479,Intermediet,3,Tidak Ada atau Jarang Kerusakan
243,-3.59,123.36,-3.970254,122.58962,3.9,Sedang,10,Sangat Dangkal,0.18795,Kecil,95.885,Dangkal,1,Tidak Ada atau Jarang Kerusakan
244,1.07,127.18,1.823,127.78,3.2,Sedang,5,Sangat Dangkal,0.08048,Kecil,106.989,Intermediet,1,Tidak Ada atau Jarang Kerusakan
245,-2.68,140.35,-2.57,140.51,4.5,Sedang,10,Sangat Dangkal,5.27296,Kecil,23.759,Sangat Dangkal,3,Tidak Ada atau Jarang Kerusakan
246,-8.71,118.48,-8.5427,118.693,3.6,Sedang,13,Dangkal,25.8791,Medium,32.754,Sangat Dangkal,3,Tidak Ada atau Jarang Kerusakan
247,1.05,127.46,0.664562,127.445688,3,Sedang,1,Sangat Dangkal,0.23299,Kecil,42.825,Sangat Dangkal,1,Tidak Ada atau Jarang Kerusakan
248,1.05,127.44,-0.6379,127.5008,2.7,Lemah,2,Sangat Dangkal,0.0063,Kecil,187.489,Intermediet,1,Tidak Ada atau Jarang Kerusakan
249,-0.47,119.89,-0.9053,119.8368,4.7,Sedang,20,Dangkal,1.30102,Kecil,52.626,Dangkal,2,Tidak Ada atau Jarang Kerusakan
250,-8.26,123.47,-8.41222,123.00085,4.9,Sedang,10,Sangat Dangkal,12.2783,Medium,55.654,Dangkal,3,Tidak Ada atau Jarang Kerusakan
251,-0.31,122.98,0.4771,121.9406,5.6,Kuat,71,Menengah,3.45842,Kecil,161.199,Intermediet,3,Tidak Ada atau Jarang Kerusakan
252,-7.36,123.08,-8.5427,118.693,6.6,Kuat,569,Dalam,6.22553,Kecil,760.344,Sangat Dalam,3,Tidak Ada atau Jarang Kerusakan
253,-4.86,131.2,-4.52223,129.90441,5.4,Kuat,89,Menengah,12.0338,Medium,173.229,Intermediet,3,Tidak Ada atau Jarang Kerusakan
254,-8.9,118.93,-8.5427,118.693,5.4,Kuat,130,Menengah,60.0566,Besar,138.438,Intermediet,5,Barang-Barang Bergerak dan Tidak Ada Kerusakan
255,-8.91,118.95,-8.5427,118.693,5.1,Kuat,104,Menengah,7.42659,Kecil,115.291,Intermediet,3,Tidak Ada atau Jarang Kerusakan
256,-3.79,127.76,-3.31836,128.39473,5.7,Kuat,10,Sangat Dangkal,4.837,Kecil,88.344,Dangkal,3,Tidak Ada atau Jarang Kerusakan
257,-3.69,127.85,-3.23897,127.09982,6.2,Kuat,10,Sangat Dangkal,8.97747,Kecil,97.675,Dangkal,4,Barang-Barang Bergerak dan Tidak Ada Kerusakan
258,-3.76,127.87,-3.31836,128.39473,5.6,Kuat,10,Sangat Dangkal,4.09143,Kecil,76.783,Dangkal,3,Tidak Ada atau Jarang Kerusakan
259,-8.24,107.29,-7.309,107.13,5,Kuat,10,Sangat Dangkal,2.54381,Kecil,105.332,Intermediet,2,Tidak Ada atau Jarang Kerusakan
260,-1.26,120.4,-1.42,120.65,5.2,Kuat,10,Sangat Dangkal,94.3108,Besar,34.431,Sangat Dangkal,5,Barang-Barang Bergerak dan Tidak Ada Kerusakan
261,-6.72,104.5,-6.6135,105.6928,5.3,Kuat,10,Sangat Dangkal,6.47198,Kecil,133.303,Intermediet,3,Tidak Ada atau Jarang Kerusakan
262,-8.26,115.57,-8.36381,115.60953,5,Kuat,10,Sangat Dangkal,50.1346,Besar,15.875,Sangat Dangkal,5,Barang-Barang Bergerak dan Tidak Ada Kerusakan
263,1.89,127.06,1.5013,124.9178,5.3,Kuat,74,Menengah,31.5623,Medium,252.743,Intermediet,4,Barang-Barang Bergerak dan Tidak Ada Kerusakan
264,1.37,96.93,1.1648,97.7038,5.3,Kuat,15,Dangkal,3.66886,Kecil,90.118,Dangkal,3,Tidak Ada atau Jarang Kerusakan
265,0.31,124.52,0.5745,123.9807,5.5,Kuat,77,Menengah,9.24444,Kecil,101.855,Intermediet,3,Tidak Ada atau Jarang Kerusakan
266,-1.14,119.91,-0.9159,119.9052,5.1,Kuat,10,Sangat Dangkal,305.823,Sangat Besar,26.816,Sangat Dangkal,8,"Kerusakan Menengah, Hancurnya Dinding"
267,-1.15,119.93,-0.9159,119.9052,5.1,Kuat,10,Sangat Dangkal,275.619,Sangat Besar,27.979,Sangat Dangkal,8,"Kerusakan Menengah, Hancurnya Dinding"
268,-6.86,129.9,-3.71133,128.09566,5.7,Kuat,160,Menengah,3.9881,Kecil,433.434,Dalam,3,Tidak Ada atau Jarang Kerusakan
269,-4.19,128.7,-3.31836,128.39473,5.1,Kuat,176,Menengah,0.64169,Kecil,203.679,Intermediet,1,Tidak Ada atau Jarang Kerusakan
270,-9.89,123.03,-10.138,123.666,5.2,Kuat,86,Menengah,1.14239,Kecil,114.619,Intermediet,2,Tidak Ada atau Jarang Kerusakan
271,-3.16,102.15,-3.7611,102.2714,5.1,Kuat,10,Sangat Dangkal,3.35542,Kecil,68.8,Dangkal,3,Tidak Ada atau Jarang Kerusakan
272,1.41,122.56,0.63,122.85,4.9,Sedang,5,Sangat Dangkal,10.6103,Medium,92.506,Dangkal,3,Tidak Ada atau Jarang Kerusakan
273,-0.64,123.7,0.63,122.85,5.5,Kuat,10,Sangat Dangkal,7.13278,Kecil,169.925,Intermediet,3,Tidak Ada atau Jarang Kerusakan
274,-5.24,102.84,-5.0175,104.0589,5.3,Kuat,53,Dangkal,10.9222,Medium,147.392,Intermediet,3,Tidak Ada atau Jarang Kerusakan
275,3.32,97.51,3.1736,97.2862,5,Kuat,10,Sangat Dangkal,6.93781,Kecil,31.324,Sangat Dangkal,3,Tidak Ada atau Jarang Kerusakan
276,-7.26,106.99,-7.0053,106.5563,5.2,Kuat,113,Menengah,2.18712,Kecil,126.039,Intermediet,2,Tidak Ada atau Jarang Kerusakan
277,-7.26,106.99,2.27277,97.81543,5.2,Kuat,113,Menengah,1.5304,Kecil,191.559,Intermediet,2,Tidak Ada atau Jarang Kerusakan
278,-7.26,106.99,-7.784,108.449,5.2,Kuat,113,Menengah,132.201,Besar,113.486,Intermediet,6,"Kerusakan Kecil, Retak pada Dinding"
279,0.65,122.38,0.4771,121.9406,5.1,Kuat,63,Dangkal,6.42127,Kecil,81.952,Dangkal,3,Tidak Ada atau Jarang Kerusakan
280,-8.09,106.76,-7.309,107.13,5.7,Kuat,10,Sangat Dangkal,8.141181,Kecil,96.447,Dangkal,3,Tidak Ada atau Jarang Kerusakan
281,0.03,123.47,1.5013,124.9178,5.1,Kuat,130,Menengah,1.094982,Kecil,263.435,Intermediet,1,Tidak Ada atau Jarang Kerusakan
282,-4.35,101.96,-3.865,102.312,4.8,Sedang,27,Dangkal,7.883724,Kecil,71.79,Dangkal,3,Tidak Ada atau Jarang Kerusakan
283,-2.81,139.51,-2.51,140.7,5.4,Kuat,73,Menengah,1.039753,Kecil,154.55,Intermediet,1,Tidak Ada atau Jarang Kerusakan
284,3.89,126.65,4.0079,126.67,5.1,Kuat,10,Sangat Dangkal,29.50628,Medium,16.619,Sangat Dangkal,4,Barang-Barang Bergerak dan Tidak Ada Kerusakan
285,0.46,121.12,0.3374,119.898,5.2,Kuat,61,Dangkal,6.758758,Kecil,149.348,Intermediet,3,Tidak Ada atau Jarang Kerusakan
286,3.98,126.88,4.0079,126.67,5.7,Kuat,16,Dangkal,20.61323,Medium,28.442,Sangat Dangkal,3,Tidak Ada atau Jarang Kerusakan
287,-4.41,102.13,-3.865,102.312,5,Kuat,16,Dangkal,37.6217,Medium,65.755,Dangkal,4,Barang-Barang Bergerak dan Tidak Ada Kerusakan
288,-4.33,129.91,-4.52223,129.90441,3.2,Sedang,10,Sangat Dangkal,17.9086,Medium,23.573,Sangat Dangkal,3,Tidak Ada atau Jarang Kerusakan
289,6.58,95.44,5.496,95.296,5.4,Kuat,190,Menengah,0.95945,Kecil,225.463,Intermediet,1,Tidak Ada atau Jarang Kerusakan
290,0.31,98.59,0.7955,99.57963,5,Kuat,54,Dangkal,5.49299,Kecil,133.742,Intermediet,3,Tidak Ada atau Jarang Kerusakan
291,-3.79,101.51,-3.7611,102.2714,5,Kuat,22,Dangkal,3.67481,Kecil,87.391,Dangkal,3,Tidak Ada atau Jarang Kerusakan
292,1.36,123.66,0.5745,123.9807,5,Kuat,234,Menengah,1.25444,Kecil,236.8,Intermediet,1,Tidak Ada atau Jarang Kerusakan
293,-7.88,128.2,-8.1445,124.5903,5.1,Kuat,105,Menengah,0.241,Kecil,415.245,Dalam,1,Tidak Ada atau Jarang Kerusakan
294,-7.23,105.9,-6.566,106.40396,6.1,Kuat,61,Dangkal,179.454,Sangat Besar,110.827,Intermediet,6,"Kerusakan Kecil, Retak pada Dinding"
295,-7.19,106.07,-7.0053,106.5563,5.1,Kuat,42,Dangkal,4.87681,Kecil,71.401,Dangkal,3,Tidak Ada atau Jarang Kerusakan
296,-7.23,105.99,-7.0053,106.5563,5.2,Kuat,11,Dangkal,101.685,Besar,68.516,Dangkal,5,Barang-Barang Bergerak dan Tidak Ada Kerusakan
297,-7.24,105.96,-7.0053,106.5563,5,Kuat,10,Sangat Dangkal,5.91167,Kecil,71.831,Dangkal,3,Tidak Ada atau Jarang Kerusakan
298,-1.12,126.85,-0.6379,127.5008,5.4,Kuat,10,Sangat Dangkal,3.55452,Kecil,90.455,Dangkal,3,Tidak Ada atau Jarang Kerusakan
299,-2.92,121.3,-2.51,140.7,5.1,Kuat,53,Dangkal,0.89561,Kecil,2154.533,Sangat Dalam,1,Tidak Ada atau Jarang Kerusakan
300,-7.89,118.79,-8.54,118.69,5.1,Kuat,30,Dangkal,6.825,Kecil,79.15,Dangkal,3,Tidak Ada atau Jarang Kerusakan
301,-7.88,118.81,-8.54,118.69,5.2,Kuat,26,Dangkal,18.725,Medium,79.09,Dangkal,3,Tidak Ada atau Jarang Kerusakan
302,-0.22,125.22,0.57,123.98,5.6,Kuat,10,Sangat Dangkal,3.638,Kecil,163.71,Intermediet,3,Tidak Ada atau Jarang Kerusakan
303,-5.29,133.91,-5.66,132.74,5.5,Kuat,90,Menengah,0.741,Kecil,163.71,Intermediet,2,Tidak Ada atau Jarang Kerusakan
304,-9.27,122.54,-8.41,123,5.3,Kuat,159,Menengah,1.936,Kecil,192.26,Intermediet,2,Tidak Ada atau Jarang Kerusakan
305,4.66,96.27,4.27,96.4,5.3,Kuat,10,Sangat Dangkal,7.399,Kecil,47.18,Sangat Dangkal,3,Tidak Ada atau Jarang Kerusakan
306,-9.17,117.17,-8.74,116.88,5,Kuat,96,Menengah,3.595,Kecil,111.96,Intermediet,3,Tidak Ada atau Jarang Kerusakan
307,-5.99,133.72,-5.66,132.74,5.5,Kuat,95,Menengah,2.285,Kecil,149.21,Intermediet,2,Tidak Ada atau Jarang Kerusakan
308,-1.27,120.5,-0.91,119.84,5.1,Kuat,10,Sangat Dangkal,0.975,Kecil,84.61,Dangkal,2,Tidak Ada atau Jarang Kerusakan
309,-7.89,106.47,-7.31,107.13,5.1,Kuat,10,Sangat Dangkal,8.458,Kecil,98.11,Dangkal,3,Tidak Ada atau Jarang Kerusakan
310,-6.09,142.72,-8.52,140.41,7.6,Kuat,96,Menengah,34.145,Medium,383.89,Dalam,4,Barang-Barang Bergerak dan Tidak Ada Kerusakan
311,-2.62,126.73,-3.71,128.1,6,Kuat,10,Sangat Dangkal,39.858,Medium,194.3,Intermediet,4,Barang-Barang Bergerak dan Tidak Ada Kerusakan
312,0.99,98.7,1.5534,98.8969,5.7,Kuat,87,Menengah,33.6139,Medium,109.351,Intermediet,4,Barang-Barang Bergerak dan Tidak Ada Kerusakan
313,0.97,98.65,1.39876,99.43094,5.6,Kuat,104,Menengah,37.8616,Medium,143.51,Intermediet,4,Barang-Barang Bergerak dan Tidak Ada Kerusakan
314,-6.31,130.43,-5.6639,132.7361,6.1,Kuat,166,Menengah,3.47723,Kecil,313.406,Dalam,3,Tidak Ada atau Jarang Kerusakan
315,-0.65,123.25,0.63,122.85,5.5,Kuat,10,Sangat Dangkal,15.6938,Medium,149.191,Intermediet,3,Tidak Ada atau Jarang Kerusakan
316,-1.73,135.81,-3.926768,136.380992,5.1,Kuat,10,Sangat Dangkal,0.18493,Kecil,252.142,Intermediet,1,Tidak Ada atau Jarang Kerusakan
317,-6.24,142.35,-8.51812,140.41414,5.3,Kuat,10,Sangat Dangkal,0.46133,Kecil,331.99,Dalam,1,Tidak Ada atau Jarang Kerusakan
318,-6.17,142.53,-8.51812,140.41414,6.8,Kuat,47,Dangkal,5.761,Kecil,353.981,Dalam,3,Tidak Ada atau Jarang Kerusakan
319,-3.3,131.03,-3.1075,130.4939,5.4,Kuat,13,Dangkal,2.607,Kecil,66.593,Dangkal,2,Tidak Ada atau Jarang Kerusakan
320,-3.25,130.98,-3.1075,130.4939,5.7,Kuat,25,Dangkal,6.468,Kecil,61.535,Dangkal,3,Tidak Ada atau Jarang Kerusakan
321,1.95,98.94,0.5792,97.815,5.2,Kuat,171,Menengah,3.71171,Kecil,351.64,Dalam,3,Tidak Ada atau Jarang Kerusakan
322,0.84,125.38,1.2948,124.92,5.1,Kuat,15,Dangkal,7.60921,Kecil,73.353,Dangkal,3,Tidak Ada atau Jarang Kerusakan
323,-0.5,121.66,0.4771,121.9406,5.1,Kuat,10,Sangat Dangkal,0.21883,Kecil,115.293,Intermediet,1,Tidak Ada atau Jarang Kerusakan
324,0.59,121.5,0.4771,121.9406,5.2,Kuat,102,Menengah,18.9087,Medium,51.468,Dangkal,3,Tidak Ada atau Jarang Kerusakan
325,-7.4,105.95,-5.0175,104.0589,5.2,Kuat,10,Sangat Dangkal,0.93173,Kecil,121.178,Intermediet,1,Tidak Ada atau Jarang Kerusakan
326,4.66,102.78,-3.8583,102.3366,5.4,Kuat,28,Dangkal,2.28411,Kecil,105.477,Intermediet,2,Tidak Ada atau Jarang Kerusakan
327,-4.77,129.84,-3.71133,128.09566,6.9,Kuat,169,Menengah,13.344,Medium,425.816,Dalam,4,Barang-Barang Bergerak dan Tidak Ada Kerusakan
328,2.53,95.85,2.40893,96.32671,5.1,Kuat,16,Dangkal,6.84591,Kecil,56.891,Dangkal,3,Tidak Ada atau Jarang Kerusakan
329,3.12,127.94,1.2948,124.92,5.6,Kuat,10,Sangat Dangkal,1.82154,Kecil,391.814,Dalam,2,Tidak Ada atau Jarang Kerusakan
330,-1.53,138.52,-2.51,140.7,5.4,Kuat,94,Menengah,0.2489,Kecil,281.467,Intermediet,1,Tidak Ada atau Jarang Kerusakan
331,-9.5,120.02,-8.4866,119.8867,5,Kuat,71,Menengah,5.34976,Kecil,133.841,Intermediet,3,Tidak Ada atau Jarang Kerusakan
332,-2.72,127.65,-3.23897,127.09982,4.9,Sedang,10,Sangat Dangkal,3.67816,Kecil,84.546,Dangkal,3,Tidak Ada atau Jarang Kerusakan
333,-5.89,142.53,-8.51812,140.41414,6.4,Kuat,124,Menengah,8.3025,Kecil,394.508,Dalam,3,Tidak Ada atau Jarang Kerusakan
334,-6.47,103.87,-5.52361,104.49596,5.1,Kuat,10,Sangat Dangkal,1.21673,Kecil,126.345,Intermediet,2,Tidak Ada atau Jarang Kerusakan
335,-7.08,105.5,-6.3615,106.2511,5,Kuat,10,Sangat Dangkal,2.62141,Kecil,115.808,Intermediet,2,Tidak Ada atau Jarang Kerusakan
336,3.72,95.23,5.496,95.296,5.1,Kuat,12,Dangkal,1.12107,Kecil,197.637,Intermediet,2,Tidak Ada atau Jarang Kerusakan
337,-10.54,119.12,-9.6411,119.3911,4.9,Sedang,76,Menengah,0.81277,Kecil,117.378,Intermediet,1,Tidak Ada atau Jarang Kerusakan
338,1.41,126.81,1.443,125.179,6.4,Kuat,10,Sangat Dangkal,23.5872,Medium,181.354,Intermediet,4,Barang-Barang Bergerak dan Tidak Ada Kerusakan
339,1.45,127,0.664562,127.445688,5,Kuat,58,Dangkal,0.11495,Kecil,115.812,Intermediet,1,Tidak Ada atau Jarang Kerusakan
340,1.17,96.42,2.40893,96.32671,5.1,Kuat,53,Dangkal,3.3808,Kecil,89.141,Dangkal,3,Tidak Ada atau Jarang Kerusakan
341,-3.17,139.89,-2.51,140.7,5,Kuat,86,Menengah,1.13364,Kecil,144.384,Intermediet,2,Tidak Ada atau Jarang Kerusakan
342,0.51,125.66,1.443,125.179,5.4,Kuat,10,Sangat Dangkal,32.5826,Medium,116.944,Intermediet,4,Barang-Barang Bergerak dan Tidak Ada Kerusakan
343,-9.55,112.6,-8.1521,112.4506,5,Kuat,10,Sangat Dangkal,1.97564,Kecil,156.371,Intermediet,2,Tidak Ada atau Jarang Kerusakan
344,-7.54,115.58,-8.6774,115.2097,5.85,Kuat,366,Menengah,5.51891,Kecil,389.339,Dalam,3,Tidak Ada atau Jarang Kerusakan
345,-2.06,139.74,-2.51,140.7,5.3,Kuat,10,Sangat Dangkal,3.73861,Kecil,118.11,Intermediet,3,Tidak Ada atau Jarang Kerusakan
346,-4.1,102.72,-3.6506,102.593,5,Kuat,101,Menengah,1.56587,Kecil,113.526,Intermediet,2,Tidak Ada atau Jarang Kerusakan
347,-5.1,126.5,1.443,125.179,5.1,Kuat,10,Sangat Dangkal,15.2459,Medium,151.657,Intermediet,3,Tidak Ada atau Jarang Kerusakan
